Source File	Size	loadResources	load	generateSnapshots	load-configure	scan	loadDepInfo	loadInfo	checkR4R4B	generateNarratives	validate	loadLists	checkConformanceResources	checkConformanceResources2	checkConformanceResources3	generateLogicalMaps	validateExpressions	scanForUsageStats	checkURLsUnique	processProvenanceDetails	translate	generate1	generate2	generateLogicals	makeDependencies	generateExampleZip	generateValidationPack	scanProfilesForR5	scanExamplesForR5
/fsh-generated/resources/ImplementationGuide-ans.fhir.fr.document-core.json	46351	-	0	0	0	0	0	0	23	86	0	0	0	0	1	0	0	1	0	0	31	353	839	0	0	0	5	0	3
fsh-generated/resources/AllergyIntolerance-example-allergy-intolerance-data-absent-reason.json	1496	5	0	0	1	0	0	0	1	1167	0	0	0	0	0	0	0	0	0	0	10	19	41	0	0	0	0	0	0
fsh-generated/resources/Procedure-example-procedure-data-absent-reason.json	937	3	0	0	0	0	0	0	0	17	0	0	0	0	0	0	0	0	0	0	10	16	33	0	0	0	0	0	1
fsh-generated/resources/StructureDefinition-fr-accession-number-identifier-document.json	1488	3	0	18	1	0	0	0	0	76	0	0	1	0	0	0	0	0	0	0	1	129	1103	0	0	0	2	0	0
fsh-generated/resources/StructureDefinition-fr-actor-extension.json	4466	5	0	23	0	0	0	0	0	38	0	0	0	0	0	0	0	1	0	0	0	217	611	0	0	0	3	0	1
fsh-generated/resources/StructureDefinition-fr-advance-directive-document.json	4326	5	0	49	0	0	0	0	1	42	0	0	1	0	1	0	0	1	0	0	1	347	1062	0	0	0	6	0	1
fsh-generated/resources/StructureDefinition-fr-adverse-event-document.json	3874	4	0	150	0	0	0	0	0	19	0	0	0	0	0	0	0	0	0	0	1	179	745	0	0	0	3	0	1
fsh-generated/resources/StructureDefinition-fr-allergy-intolerance-document.json	5067	5	0	39	0	0	0	0	0	24	0	0	1	0	1	0	0	1	0	0	1	239	910	0	0	0	5	0	0
fsh-generated/resources/StructureDefinition-fr-author-time-extension.json	1481	3	0	10	0	0	0	0	0	8	0	0	0	0	0	0	0	0	0	0	0	56	300	0	0	0	2	0	0
fsh-generated/resources/StructureDefinition-fr-body-structure-document.json	1382	3	0	17	0	0	0	0	0	8	0	0	1	0	0	0	0	0	0	0	1	89	389	0	0	0	1	0	1
fsh-generated/resources/StructureDefinition-fr-bundle-document.json	6897	5	0	395	0	0	0	0	0	61	0	0	0	0	1	0	0	2	0	0	0	844	2484	0	0	0	18	1	1
fsh-generated/resources/StructureDefinition-fr-care-plan-document.json	2426	4	0	34	0	0	0	0	0	23	0	0	1	0	0	0	0	1	0	0	1	235	848	0	0	0	6	0	1
fsh-generated/resources/StructureDefinition-fr-comparison-studies-extension.json	1550	3	0	10	0	0	0	0	0	8	0	0	0	0	0	0	0	0	0	0	0	54	364	0	0	0	1	0	0
fsh-generated/resources/StructureDefinition-fr-composition-document.json	21925	11	0	88	0	0	0	0	1	149	0	0	1	0	1	0	0	2	0	0	1	1142	2228	0	0	0	23	0	2
fsh-generated/resources/StructureDefinition-fr-condition-document.json	7066	5	0	44	0	0	0	0	0	45	0	0	1	0	0	0	0	1	0	0	1	303	642	0	1	0	7	0	0
fsh-generated/resources/StructureDefinition-fr-device-auteur-document.json	1633	3	0	21	0	0	0	0	0	16	0	0	0	0	0	0	0	0	0	0	1	182	558	0	0	0	4	0	1
fsh-generated/resources/StructureDefinition-fr-device-request-document.json	7086	5	0	36	0	0	0	0	0	39	0	0	1	0	1	0	0	1	0	0	0	298	601	0	0	0	7	0	0
fsh-generated/resources/StructureDefinition-fr-device-use-statement-document.json	5971	4	0	34	1	0	0	0	1	23	0	0	0	0	0	0	0	0	0	0	1	231	451	0	0	0	5	0	1
fsh-generated/resources/StructureDefinition-fr-diagnostic-report-bio-chapter-document.json	5372	4	0	55	0	0	0	0	0	118	0	0	1	0	1	0	0	1	0	0	1	262	587	0	0	0	6	0	0
fsh-generated/resources/StructureDefinition-fr-diagnostic-report-document.json	6503	4	0	2	0	0	0	0	0	61	0	0	0	0	0	0	0	0	0	0	0	274	642	0	0	0	6	0	1
fsh-generated/resources/StructureDefinition-fr-diagnostic-report-imaging-document.json	8835	5	0	213	0	0	0	0	0	37	0	0	1	0	0	0	0	1	0	0	1	329	598	0	0	0	7	1	0
fsh-generated/resources/StructureDefinition-fr-document-reference-document.json	2323	3	0	33	0	0	0	0	0	15	0	0	0	0	1	0	0	0	0	0	1	210	438	0	0	0	5	0	1
fsh-generated/resources/StructureDefinition-fr-encounter-care-document.json	3876	4	0	42	0	0	0	0	1	23	0	0	0	0	0	0	0	1	0	0	0	348	693	0	0	0	7	0	1
fsh-generated/resources/StructureDefinition-fr-encounter-document.json	7391	5	0	66	0	0	0	0	0	44	0	0	1	0	0	0	0	2	0	0	1	523	958	0	0	0	11	0	1
fsh-generated/resources/StructureDefinition-fr-endpoint-wado-document.json	1718	3	0	19	0	0	0	0	0	10	0	0	0	0	1	0	0	0	0	0	0	116	307	0	0	0	3	0	0
fsh-generated/resources/StructureDefinition-fr-family-member-history-body-site-extension.json	1742	4	0	8	0	0	0	0	0	7	0	0	1	0	0	0	0	0	0	0	1	59	216	0	0	0	1	0	0
fsh-generated/resources/StructureDefinition-fr-family-member-history-document.json	6799	4	0	35	0	0	0	0	0	21	0	0	0	0	1	0	0	0	0	0	1	298	489	0	1	0	5	0	1
fsh-generated/resources/StructureDefinition-fr-human-name-document.json	1312	4	0	8	0	0	0	0	0	9	0	0	1	0	0	0	0	0	0	0	0	68	226	0	0	0	2	0	0
fsh-generated/resources/StructureDefinition-fr-imaging-procedure-extension.json	1580	3	0	5	0	0	0	0	0	7	0	0	0	0	0	0	0	1	0	0	0	53	249	0	0	0	1	0	0
fsh-generated/resources/StructureDefinition-fr-imaging-study-document.json	7268	6	0	39	0	0	0	0	0	21	0	0	0	0	1	0	0	0	0	0	1	284	613	0	0	0	7	0	0
fsh-generated/resources/StructureDefinition-fr-immunization-document.json	9863	7	0	43	0	0	0	0	1	34	0	0	1	0	0	0	0	1	0	0	1	442	793	0	0	0	10	0	1
fsh-generated/resources/StructureDefinition-fr-immunization-recommendation-document.json	5894	6	0	23	1	0	0	0	0	24	0	0	0	0	0	0	0	0	0	0	0	243	447	0	0	0	4	1	0
fsh-generated/resources/StructureDefinition-fr-immunization-type-extension.json	1700	3	0	8	0	0	0	0	0	6	0	0	1	0	1	0	0	0	0	0	0	56	204	0	0	0	2	0	0
fsh-generated/resources/StructureDefinition-fr-interpretation-extension.json	1627	4	0	7	0	0	0	0	0	5	0	0	0	0	0	0	0	0	0	0	1	54	200	0	0	0	1	0	0
fsh-generated/resources/StructureDefinition-fr-location-document.json	2444	4	0	26	0	0	0	0	0	18	0	0	0	0	0	0	0	1	0	0	0	250	539	0	0	0	5	0	1
fsh-generated/resources/StructureDefinition-fr-media-document.json	9607	6	0	52	0	0	0	0	0	37	0	0	1	0	1	0	0	1	0	0	1	474	751	0	0	0	9	0	1
fsh-generated/resources/StructureDefinition-fr-medication-administration-document.json	7723	6	0	32	0	0	0	0	1	21	0	0	0	0	0	0	0	1	0	0	1	272	467	0	0	0	6	0	0
fsh-generated/resources/StructureDefinition-fr-medication-administration-sequence-extension.json	2002	4	0	5	0	0	1	0	0	6	0	0	1	0	0	0	0	0	0	0	1	55	206	0	0	0	1	0	0
fsh-generated/resources/StructureDefinition-fr-medication-dispense-document.json	4672	4	0	37	0	0	0	0	0	18	0	0	0	0	1	0	0	0	0	0	1	300	617	0	0	0	7	0	1
fsh-generated/resources/StructureDefinition-fr-medication-document.json	5626	5	0	27	0	0	0	0	0	19	0	0	0	0	0	0	0	1	0	0	0	243	409	0	0	0	4	0	0
fsh-generated/resources/StructureDefinition-fr-medication-request-document.json	17401	9	0	62	0	0	0	0	0	48	0	0	1	0	0	0	0	1	0	0	1	686	899	0	1	0	15	0	1
fsh-generated/resources/StructureDefinition-fr-medication-statement-document.json	7797	7	0	19	0	0	0	0	0	21	0	0	0	0	1	0	0	0	0	0	1	305	493	0	0	0	6	0	1
fsh-generated/resources/StructureDefinition-fr-method-extension.json	2031	4	0	6	0	0	0	0	0	8	0	0	1	0	0	0	0	0	0	0	1	56	270	0	0	0	2	0	0
fsh-generated/resources/StructureDefinition-fr-not-covered-extension.json	1831	4	0	4	1	0	0	0	1	6	0	0	0	0	0	0	0	0	0	0	0	66	204	0	0	0	1	0	0
fsh-generated/resources/StructureDefinition-fr-number-of-frames-extension.json	1600	4	0	3	0	0	0	0	0	8	0	0	0	0	1	0	0	0	0	0	0	54	201	0	0	0	1	0	0
fsh-generated/resources/StructureDefinition-fr-observation-administration-blood-derivatives-document.json	5925	5	0	30	0	0	0	0	0	27	0	0	1	0	0	0	0	1	0	0	1	321	610	0	0	0	7	1	0
fsh-generated/resources/StructureDefinition-fr-observation-ald-document.json	1671	3	0	29	0	0	0	0	0	13	0	0	0	0	0	0	0	1	0	0	0	195	393	0	0	0	4	0	1
fsh-generated/resources/StructureDefinition-fr-observation-birth-event-document.json	3119	4	0	32	0	0	0	0	0	13	0	0	0	0	1	0	0	0	0	0	1	212	429	0	0	0	5	0	0
fsh-generated/resources/StructureDefinition-fr-observation-blood-product-transfusion-document.json	5845	5	0	42	0	0	0	0	0	26	0	0	1	0	0	0	0	1	0	0	1	318	630	0	0	0	8	0	1
fsh-generated/resources/StructureDefinition-fr-observation-contra-indications-document.json	6232	6	0	44	0	0	0	0	0	22	0	0	0	0	0	0	0	0	0	0	0	345	566	0	0	0	8	0	1
fsh-generated/resources/StructureDefinition-fr-observation-laboratory-report-results-document.json	15906	9	0	88	0	0	0	0	0	50	0	0	1	0	0	0	0	2	0	0	1	790	1105	0	0	0	16	0	1
fsh-generated/resources/StructureDefinition-fr-observation-medical-summary-document.json	5805	6	0	34	0	0	0	0	0	20	0	0	0	0	1	0	0	0	0	0	1	318	601	0	0	0	7	0	0
fsh-generated/resources/StructureDefinition-fr-observation-microorganism-detection-document.json	5934	5	0	35	0	0	0	0	1	20	0	0	1	0	0	0	0	1	0	0	1	317	547	0	0	0	8	0	1
fsh-generated/resources/StructureDefinition-fr-observation-multiresistant-microorganism-document.json	5945	5	0	34	0	0	0	0	0	22	0	0	0	0	0	0	0	1	0	0	0	319	534	0	1	0	7	0	1
fsh-generated/resources/StructureDefinition-fr-observation-pain-score-document.json	3625	5	0	32	0	0	0	0	0	19	0	0	0	0	1	0	0	0	0	0	1	257	498	0	0	0	6	0	0
fsh-generated/resources/StructureDefinition-fr-observation-pregnancy-document.json	6320	5	0	37	0	0	0	0	0	23	0	0	1	0	0	0	0	1	0	0	0	306	529	0	0	0	7	0	1
fsh-generated/resources/StructureDefinition-fr-observation-pregnancy-history-document.json	2637	4	0	30	0	0	0	0	0	16	0	0	0	0	0	0	0	0	0	0	1	233	446	0	0	0	6	0	0
fsh-generated/resources/StructureDefinition-fr-observation-prevention-document.json	1659	3	0	27	0	0	0	1	0	12	0	0	1	0	1	0	0	1	0	0	0	191	388	0	0	0	4	0	1
fsh-generated/resources/StructureDefinition-fr-observation-radiation-exposure-document.json	8814	5	0	41	0	0	0	0	0	27	0	0	0	0	0	0	0	1	0	0	1	413	698	0	0	0	10	0	0
fsh-generated/resources/StructureDefinition-fr-observation-result-document.json	6406	5	0	31	0	0	0	0	0	22	0	0	1	0	0	0	0	0	0	0	0	369	539	0	0	0	8	0	1
fsh-generated/resources/StructureDefinition-fr-observation-social-history-document.json	3096	4	0	27	0	0	0	0	0	16	0	0	0	0	1	0	0	1	0	0	1	234	415	0	0	0	5	0	0
fsh-generated/resources/StructureDefinition-fr-observation-survey-document.json	10439	7	0	55	0	0	0	0	1	43	0	0	0	0	0	0	0	1	0	0	1	592	902	0	0	0	12	1	1
fsh-generated/resources/StructureDefinition-fr-observation-survey-pannel-document.json	2318	4	0	26	0	0	0	0	0	13	0	0	1	0	0	0	0	0	0	0	0	197	413	0	0	0	5	0	1
fsh-generated/resources/StructureDefinition-fr-observation-transfusion-accidents-document.json	5829	5	0	31	1	0	0	0	0	21	0	0	0	0	1	0	0	1	0	0	1	323	530	0	0	0	7	0	0
fsh-generated/resources/StructureDefinition-fr-observation-vital-signs-document.json	4767	6	0	35	0	0	0	0	0	21	0	0	1	0	0	0	0	1	0	0	0	313	571	0	1	0	8	0	1
fsh-generated/resources/StructureDefinition-fr-observation-vital-signs-panel-document.json	3470	6	0	42	0	0	0	0	0	19	0	0	0	0	0	0	0	1	0	0	1	307	625	0	0	0	7	0	1
fsh-generated/resources/StructureDefinition-fr-observation-work-related-accident-document.json	5940	5	0	31	0	0	0	0	0	26	0	0	1	0	1	0	0	0	0	0	0	318	528	0	0	0	7	0	0
fsh-generated/resources/StructureDefinition-fr-organization-document.json	1365	4	0	76	0	0	0	0	0	121	0	0	0	0	0	0	0	2	0	0	1	497	1082	0	0	0	10	0	2
fsh-generated/resources/StructureDefinition-fr-patient-document.json	668	3	0	39	0	0	0	0	0	19	0	0	1	0	0	0	0	1	0	0	0	318	732	0	0	0	6	0	1
fsh-generated/resources/StructureDefinition-fr-patient-history-extension.json	2160	3	0	6	0	0	0	0	0	7	0	0	0	0	1	0	0	0	0	0	0	57	217	0	0	0	1	0	0
fsh-generated/resources/StructureDefinition-fr-patient-ins-document.json	2422	2	0	58	0	0	0	0	0	29	0	0	1	0	0	0	0	2	0	0	1	447	997	0	0	0	9	0	1
fsh-generated/resources/StructureDefinition-fr-performer-event-extension.json	2132	3	0	7	0	0	0	0	0	11	0	0	0	0	0	0	0	0	0	0	0	93	261	0	0	0	2	0	0
fsh-generated/resources/StructureDefinition-fr-practitioner-document.json	2553	2	0	97	0	0	0	0	0	38	0	0	1	0	1	0	0	2	0	0	1	591	1262	0	0	0	11	1	2
fsh-generated/resources/StructureDefinition-fr-practitionerRole-document.json	3103	4	0	25	0	0	0	0	0	35	0	0	0	0	0	0	0	1	0	0	1	317	645	0	0	0	7	0	1
fsh-generated/resources/StructureDefinition-fr-pregnancy-history-document.json	2148	3	0	14	0	0	0	0	0	17	0	0	1	0	0	0	0	0	0	0	0	145	326	0	0	0	3	0	0
fsh-generated/resources/StructureDefinition-fr-procedure-difficulty-extension.json	1679	3	0	7	0	0	0	0	0	10	0	0	0	0	1	0	0	0	0	0	0	55	191	0	0	0	1	0	0
fsh-generated/resources/StructureDefinition-fr-procedure-document.json	10020	5	0	31	0	0	0	0	1	27	0	0	0	0	0	0	0	1	0	0	1	343	581	0	1	0	7	0	1
fsh-generated/resources/StructureDefinition-fr-procedure-imaging-document.json	5558	5	0	35	0	0	0	0	0	26	0	0	1	0	0	0	0	1	0	0	0	327	641	0	0	0	6	0	1
fsh-generated/resources/StructureDefinition-fr-procedure-priority-extension.json	1650	3	0	6	0	0	0	0	0	7	0	0	0	0	1	0	0	0	0	0	0	55	193	0	0	0	1	0	0
fsh-generated/resources/StructureDefinition-fr-related-person-document.json	2009	3	0	17	0	0	0	0	0	17	0	0	1	0	0	0	0	1	0	0	1	226	413	0	0	0	5	0	0
fsh-generated/resources/StructureDefinition-fr-service-request-document.json	5535	4	0	24	0	0	0	0	0	17	0	0	0	0	0	0	0	0	0	0	0	267	547	0	0	0	6	0	1
fsh-generated/resources/StructureDefinition-fr-specimen-document.json	4541	4	0	26	0	0	0	0	0	22	0	0	0	0	1	0	0	1	0	0	1	210	404	0	0	0	5	0	0
fsh-generated/resources/StructureDefinition-fr-status-reason-extension.json	1446	4	0	5	0	0	0	0	0	9	0	0	1	0	0	0	0	0	0	0	0	52	192	0	0	0	1	0	0
fsh-generated/resources/StructureDefinition-fr-study-instance-uid-identifier-document.json	1091	3	0	8	0	0	0	0	0	8	0	0	0	0	0	0	0	0	0	0	1	94	243	0	0	0	1	0	0
fsh-generated/resources/StructureDefinition-fr-task-patient-transport-document.json	5635	5	0	49	0	0	0	0	0	30	0	0	0	0	1	0	0	1	0	0	0	464	819	0	0	0	9	0	1
fsh-generated/resources/ValueSet-fr-doc-vs-participation-type.json	795	1	0	0	0	0	0	0	0	441	0	0	0	0	0	0	0	0	0	0	10	18	146	0	0	0	1	0	0
fsh-generated/resources/ValueSet-fr-doc-vs-role-prise-charge.json	688	2	0	0	0	0	0	0	1	4	0	0	0	0	0	0	0	0	0	0	10	12	134	0	0	0	0	0	0
fsh-generated/resources/ValueSet-fr-vs-actor-type-document.json	724	1	0	0	0	0	0	0	0	9	0	0	0	0	1	0	0	0	0	0	8	20	119	0	0	0	0	0	0
fsh-generated/resources/ValueSet-fr-vs-allergy-code.json	1175	2	0	0	1	0	0	0	0	50	0	0	0	0	0	0	0	0	0	0	6	11	167	0	0	0	1	0	0
fsh-generated/resources/ValueSet-fr-vs-allergy-intolerance-type-document.json	1104	1	0	0	0	0	0	0	0	6	0	0	0	0	0	0	0	0	0	0	5	14	107	0	0	0	0	0	0
fsh-generated/resources/ValueSet-fr-vs-allergy-substance.json	521	2	0	0	0	0	0	0	0	3	0	0	0	0	1	0	0	0	0	0	4	8	269	0	0	0	0	0	0
fsh-generated/resources/ValueSet-fr-vs-edqm-document.json	498	1	0	0	0	0	0	0	1	3	0	0	0	0	0	0	0	0	0	0	5	8	234	0	0	0	0	0	0
fsh-generated/resources/ValueSet-fr-vs-edqm-form-document.json	691	2	0	0	0	0	0	0	0	3	0	0	0	0	0	0	0	0	0	0	3	8	172	0	0	0	0	0	0
fsh-generated/resources/ValueSet-fr-vs-evaluation-type.json	611	1	0	0	0	0	0	0	0	4	0	0	0	0	1	0	0	0	0	0	4	9	237	0	0	0	1	0	0
fsh-generated/resources/ValueSet-fr-vs-location-body-structure-document.json	928	2	0	0	0	0	0	0	0	3	0	0	0	0	0	0	0	0	0	0	3	12	313	0	0	0	0	0	0
fsh-generated/resources/ValueSet-fr-vs-medication-translation-document.json	895	1	0	0	0	0	0	0	0	4	0	0	0	0	0	0	0	0	0	0	3	12	133	0	0	0	0	0	0
fsh-generated/resources/ValueSet-fr-vs-procedure-code.json	1070	2	0	0	0	0	0	0	0	5	0	0	0	0	1	0	0	0	0	0	3	11	294	0	0	0	0	0	0
fsh-generated/resources/ValueSet-fr-vs-vaccine-code-cis.json	554	1	0	0	0	0	0	0	0	3	0	0	0	0	0	0	0	0	0	0	3	7	267	0	0	0	0	0	0
/fsh-generated/includes/menu.xml	2926	-	-	-	0	0	0	0	0	0	0	0	0	0	0	0	0	0	0	0	0	0	1	0	0	0	0	0	0
/fsh-generated/includes/fsh-link-references.md	8523	-	-	-	0	0	0	0	0	0	0	0	0	0	0	0	0	0	0	0	0	0	1	0	0	0	0	0	0
/input/data/features.yml	164	-	-	-	0	0	0	0	0	0	0	0	0	0	0	0	0	0	0	0	0	0	1	0	0	0	0	0	0
/input/pagecontent/ressourcesFHIR-corps.md	1735	-	-	-	0	0	0	0	0	0	0	0	0	0	0	0	0	0	0	0	0	0	10	0	0	0	0	0	0
/input/pagecontent/translationinfo.md	59	-	-	-	0	0	0	0	0	0	0	0	0	0	0	0	0	0	0	0	0	0	1	0	0	0	0	0	0
/input/pagecontent/ressourcesFHIR-struc-gen.md	29308	-	-	-	0	0	0	0	0	0	0	0	0	0	0	0	0	0	0	0	0	0	3	0	0	0	0	0	0
/input/pagecontent/autres_ressources.md	152	-	-	-	0	0	0	0	0	0	0	0	0	0	0	0	0	0	0	0	0	0	0	0	0	0	0	0	0
/input/pagecontent/ressourcesFHIR-entete.md	651	-	-	-	0	0	0	0	0	0	0	0	0	0	0	0	0	0	0	0	0	0	2	0	0	0	0	0	0
/input/pagecontent/downloads.md	1042	-	-	-	0	0	0	0	0	0	0	0	0	0	0	0	0	0	0	0	0	0	0	0	0	0	0	0	0
/input/pagecontent/securite.md	900	-	-	-	0	0	0	0	0	0	0	0	0	0	0	0	0	0	0	0	0	0	0	0	0	0	0	0	0
/input/pagecontent/index.md	3494	-	-	-	0	0	0	0	0	0	0	0	0	0	0	0	0	0	0	0	0	0	1	0	0	0	0	0	0
/template/config	0	-	-	-	0	0	0	0	0	0	0	0	0	0	0	0	0	0	0	0	0	0	0	0	0	0	0	0	0
/template/config/_config.yml	140	-	-	-	0	0	0	0	0	0	0	0	0	0	0	0	0	0	0	0	0	0	0	0	0	0	0	0	0
/input/images	0	-	-	-	0	0	0	0	0	0	0	0	0	0	0	0	0	0	0	0	0	0	1	0	0	0	0	0	0
/input/images/anImage.png	36288	-	-	-	0	0	0	0	0	0	0	0	0	0	0	0	0	0	0	0	0	0	0	0	0	0	0	0	0
/input/images/ci-sis-logo.png	61365	-	-	-	0	0	0	0	0	0	0	0	0	0	0	0	0	0	0	0	0	0	0	0	0	0	0	0	0
/temp/pages/_includes/artifacts.xml	70654	-	-	-	-	-	-	-	-	-	-	-	-	-	-	-	-	-	-	-	-	-	5	0	0	0	0	0	0
